"name","email","subject","message"
"Kelsey Douglas","jylyguso@mailinator.com","Hello world Subject","that is a total text for testing"
"Selma Molina","zide@mailinator.com","Pariatur Aperiam fu","Esse enim accusanti"
"Abdul Serrano","hiras@mailinator.com","Natus cupiditate quo","Est itaque aut fuga"
"Lee Freeman","sozuzar@mailinator.com","Sint doloremque elig","Sunt aut amet labor"
"Gay Massey","dohehytef@mailinator.com","Eos deserunt nemo ap","Qui at quibusdam ver"
"Denise Fischer","leqixutev@mailinator.com","Et accusamus ad cons","Sit tempora voluptas"
"Isabella Dean","bizu@mailinator.com","Illo duis ea volupta","Ut aut quidem conseq"
"Wendy Lawrence","biwydyq@mailinator.com","Quis quam sed conseq","Magna quia suscipit"
"Germane Blackburn 22","xufynelota@mailinator.com","Voluptates pariatur","Sed saepe rerum nihi"
"Lenore Sykes","mukydyk@mailinator.com","Quis culpa accusamu","Velit consequuntur"
"Keaton Roth","hune@mailinator.com","Ea fuga Reprehender","Eaque eligendi venia"
"Claudia Daniel","qytypux@mailinator.com","Aperiam blanditiis q","Hic facilis earum ut"
"Dawn Bender","puhuj@mailinator.com","Eos quia doloribus","Enim et non ipsum s"
"Scott Wheeler","boca@mailinator.com","Consectetur dolor ut","Ex aute dolore et co"
"Giselle Curtis","bafer@mailinator.com","Tempor tempora disti","Eos eiusmod quis ma"
"Slade Edwards","puticog@mailinator.com","Occaecat eum nostrud","Qui corrupti amet"
"Hope Charles","bizab@mailinator.com","Error excepturi volu","Eveniet nulla autem"